IP_address,city,country,IP_org
109.236.92.184,Naaldwijk,NL,AS49981 WorldStream B.V.
109.236.81.198,Naaldwijk,NL,AS49981 WorldStream B.V.
109.236.92.184,Naaldwijk,NL,AS49981 WorldStream B.V.
109.236.81.198,Naaldwijk,NL,AS49981 WorldStream B.V.
193.201.224.206,Kiev,UA,AS25092 PE Tetyana Mysyk
195.3.147.49,Riga,LV,AS41390 RN Data SIA
109.236.81.198,Naaldwijk,NL,AS49981 WorldStream B.V.
193.201.224.206,Kiev,UA,AS25092 PE Tetyana Mysyk
109.236.92.184,Naaldwijk,NL,AS49981 WorldStream B.V.
109.236.81.198,Naaldwijk,NL,AS49981 WorldStream B.V.
109.236.92.184,Naaldwijk,NL,AS49981 WorldStream B.V.
109.236.92.184,Naaldwijk,NL,AS49981 WorldStream B.V.
